{"cameraMode":{"drawMode":0,"name":"Shaded","section":"Shading Mode"},"sceneLighting":true,"audioPlay":false,"sceneViewState":{"showFog":true,"showMaterialUpdate":false,"showSkybox":true,"showFlares":true,"showImageEffects":true,"showParticleSystems":true},"in2DMode":false,"pivot":{"x":0.2709585428237915,"y":1.7270487546920777,"z":1.3636195659637452},"rotation":{"x":0.21842651069164277,"y":0.7076582312583923,"z":-0.2473873645067215,"w":0.6247956156730652},"size":4.24733829498291,"orthographic":false}