{"cameraMode":{"drawMode":0,"name":"Shaded","section":"Shading Mode"},"sceneLighting":true,"audioPlay":false,"sceneViewState":{"showFog":true,"showMaterialUpdate":false,"showSkybox":true,"showFlares":true,"showImageEffects":true,"showParticleSystems":true},"in2DMode":false,"pivot":{"x":176.38760375976563,"y":92.73939514160156,"z":425.72003173828127},"rotation":{"x":-0.180355966091156,"y":-0.6434882879257202,"z":0.15973858535289765,"w":-0.7265980243682861},"size":20.45444107055664,"orthographic":false}